user_id,first_name,last_name,phone,email,birth_date,address_id
42f11892,Julie,Gonzalez,9042390773,calebdeleon@jackson.com,1997-02-07,23e7f117
c00d7bfb,John,Jones,1317114488,banderson@gmail.com,1979-05-13,eaad8d3d
98cc3811,Lydia,Rowe,5430837437,joseph91@king.com,1983-10-28,80b37358
05c83848,Jessica,Wright,8280086241,tyler92@park-glover.org,1959-10-29,69ec0c4b
ddaa77ac,Isabel,Bolton,6633217401,stacy04@gmail.com,1971-01-26,084f335c
991cc851,Daniel,Martin,6413708837,haasbrenda@yahoo.com,1972-10-03,bbba5c28
e65b8810,Juan,Lee,4949056489,robertsontoni@hotmail.com,2006-02-03,e9c41569
fffd0fcc,Michael,Wilson,7720522797,torresnathan@day.com,1980-05-28,33bb17e7
a60caab9,Derek,Gonzalez,6829322801,jade76@hotmail.com,1994-03-22,5edfaa4f
246136be,Austin,Vazquez,4102265500,ssmith@delgado.com,1960-08-01,8d91f8d1
c73b4771,Rebecca,Gordon,1396941601,zjohnson@krueger-solis.info,2004-08-01,2177d56e
be9e7069,Michael,Morris,7132042089,alexanderandrea@hotmail.com,2003-11-12,e9a61bd8
620fc19d,David,Griffith,7778956475,kaylee17@yahoo.com,1968-06-10,068a441d
ea94358f,James,Schwartz,7267582732,kathleen26@gmail.com,1990-03-31,940336d6
7915d471,Ronald,Franklin,1783102379,allisonjackson@gmail.com,1964-03-27,cca2ed7c
aa9150c3,Stephen,Whitaker,2017440341,angelawilkins@hotmail.com,1992-01-02,0478339a
645ee18d,Adam,Zimmerman,3265506123,stokesshelia@hernandez.com,1988-02-01,7691b466
24fe43d9,Rachel,Fitzgerald,5294894999,fsanchez@casey-morris.com,1966-12-09,6344c77f
91ff9f20,Teresa,Johnston,8359507332,john47@gmail.com,1989-06-12,ce304918
948f2d5a,Craig,Davis,6810169849,justin24@yahoo.com,1986-01-09,eede8160
1c55cadf,Kelly,Fuller,1648071847,coxkevin@hotmail.com,1972-10-26,8e95b23a
c0d57b4d,Elizabeth,Pacheco,3832229679,lawrencedanielle@smith.info,1966-07-05,cf0d8fed
ad408c88,Edward,Dixon,8739489890,angelahancock@hotmail.com,1963-02-06,11168883
fe20c8a3,Elizabeth,Smith,8048558766,johnsondavid@collins-diaz.com,1991-08-05,5aa7a656
2443c8ee,Ronald,Mcclure,5022385843,cgreen@yahoo.com,1972-07-04,16edb7de
e967f4e2,James,Wade,7371419318,sarahschneider@rodriguez.com,2001-02-26,16aab67e
52cc4635,David,Sexton,1433065158,ntorres@hotmail.com,1976-01-21,21fec0f7
3d278c0c,Ruben,Harrington,7594206379,danny95@hotmail.com,1984-06-02,3dc0e437
90cef488,Mark,Cox,9446533144,spencermiguel@peterson.net,2005-12-08,1d3140f1
6e9b2bbc,Laura,Brandt,2079516818,morganscott@hotmail.com,1989-03-07,3be434bd
32b40867,Matthew,Perez,5847260096,valerie24@yahoo.com,1994-09-03,c134e566
988014e4,Grace,Allen,3525885720,iking@adams-riley.com,1961-05-02,13d04acc
4c499a7f,Michael,Lang,6665120414,hmcconnell@holland-jones.com,2002-07-22,08f5452a
536dff53,Shelly,Ford,8238370720,daniellevelez@gmail.com,1972-11-06,0997b8fb
31b7719a,Samantha,Lewis,4588389029,katherineparsons@yahoo.com,1965-08-02,6446a6c7
b0d93080,Cynthia,Ross,9025293746,mcox@gmail.com,1997-06-27,90f19f24
9189ce9a,Alan,Blankenship,5351803823,buchanankarla@yahoo.com,2001-02-08,769bfede
8c045a3d,Brian,Gomez,9810388957,joelwest@ibarra.com,2001-11-23,35e4300d
aebfedaa,Curtis,Miller,4818754108,timothy61@stone-zhang.com,1993-04-01,c393f77f
e154f274,Taylor,Donaldson,6681072587,bryanpatel@miller-leblanc.biz,1994-12-10,44031803
85d0fbbe,Scott,Bauer,3898114449,danielcaldwell@gmail.com,1977-05-07,bf8e2aa9
076cf775,Nancy,Alvarado,9151227437,walkerannette@rivera.com,1988-04-03,3198244b
e573f4db,Jennifer,Davidson,7573371329,vdavis@becker-jacobson.com,1994-04-14,7696bc2c
de122518,William,Townsend,6262779637,benjamin58@edwards-schmidt.com,1988-06-30,0c33703c
a877d39a,Jill,Davidson,8203824042,michaelsoto@hotmail.com,1990-08-18,d2a9d50f
4b76efec,Whitney,Phillips,5666888435,douglasthomas@carpenter-simmons.com,1982-07-03,967aec4d
c917f4d5,Linda,Kline,1385373040,hamiltonlarry@yahoo.com,1988-11-12,041ee5d1
f64fe164,Heather,Herrera,6208433719,watsonrichard@hotmail.com,1972-09-27,f1dbb74c
88760a45,Kyle,Winters,2896300606,meyertiffany@jackson-cochran.info,1962-07-15,d81a31be
b0c46891,Kathleen,Morgan,8290528580,lawrencehahn@yahoo.com,1971-05-07,75cb3422
b7242ec1,James,Wood,1437777962,heidimitchell@solomon.net,1984-01-11,8a5f6c6b
d75dc6a7,Sheila,Everett,9058330744,garciajesse@gmail.com,1995-03-02,f52a494d
cab6da1b,Jimmy,Barnett,2093312034,lbowen@yahoo.com,1966-08-21,f7be42e3
5ec0276b,Jamie,Johnson,4232118586,thorntongerald@yahoo.com,1969-04-08,fd2cf65e
3664347a,Steven,Liu,3987782960,crystal38@gmail.com,1987-01-10,1e5a2187
53f962b4,Logan,Conrad,9964045990,smithrobert@long.net,1960-12-29,0137944b
2ae256df,Rebecca,Garcia,4240474016,johnsonbrandon@tate.com,1961-12-13,6a08958a
3e26790f,Joan,Lopez,8175737867,vsmith@king.net,1972-01-18,cdde933f
f97070c3,Kimberly,Baker,6629372377,jamiealvarado@anderson-henry.com,1978-07-05,e8e17380
ed23885f,Stephen,Pitts,8907771131,cwilliams@gmail.com,1972-10-04,16ef4190
1f977dd2,Nathan,Ruiz,5338749188,bcarlson@daniel-williams.net,1997-07-03,a48eda59
9d104d17,Rebecca,Lee,9922379202,kellie88@hotmail.com,1974-12-17,457cd5fe
6a487e9f,Eric,Jenkins,7347334761,coffeydavid@mullins.com,1985-04-21,72612852
5b455707,James,Gray,4445140916,mendozaamy@rice.com,1969-01-06,eb6672a3
bb31ac72,Tracy,Richardson,2032279977,nancy01@gmail.com,1962-11-14,7b99486b
67420d66,Mary,Jones,9577004277,david87@yahoo.com,1977-06-11,fe57bdee
3d2381b5,Angela,Riley,2743488446,chernandez@fischer.com,1970-12-10,de2a7e19
1dafec4f,Ashley,Garcia,4513993595,travisabigail@yahoo.com,2006-07-25,565c2366
19d7ef2a,Rachael,Robinson,8347158301,warrenanna@castro.com,1982-06-20,de752884
d9c87276,Carrie,Adams,7111819295,erik74@fletcher-olsen.biz,1963-05-07,5444bec8
5fd37fdd,Keith,Edwards,8292237329,lbarker@yahoo.com,2000-06-28,4c03df68
e4bf6ecd,Jacob,Koch,9889739708,martincarly@delacruz.com,1998-10-04,fcbc4abe
83bf8629,John,Rodriguez,8227510926,eric15@caldwell-duran.com,1998-11-07,6f5a0f7d
b9ccfddf,Jennifer,Tapia,7516540902,echung@patel.net,1999-08-12,2e159427
6a94b5c6,Robert,Obrien,3890698102,lindsay70@foley.com,1977-02-01,27dfcc6e
dd1db303,Joshua,Davis,1416450731,andersonzachary@hotmail.com,1996-11-18,f8e06483
ad91b7fc,Christopher,Smith,1893965762,charlesbrown@gmail.com,2004-05-04,ead1077a
e73614bd,Michael,Strong,4906918993,loweryanna@yahoo.com,1994-05-23,668c964f
f165a470,Richard,Galloway,7493481530,kparker@marquez-smith.com,1983-05-05,9cbe170a
35f8b548,Holly,French,5747655270,jkim@cochran-stewart.com,1993-10-28,c7d02f8f
59fa5b98,Brett,Williams,8619893401,lklein@collins.com,1960-10-19,6e50dcb4
3d7498f8,Andrew,Choi,1047079657,michael65@yahoo.com,2004-08-10,d2b65b53
276f050b,Michaela,Myers,7850019727,bennettheather@yahoo.com,1974-10-15,0f1ab75f
28b16776,Blake,Thomas,2727636656,jeremylamb@hotmail.com,1962-12-14,df8b3624
f0f957e2,Bryan,Robinson,2586599794,fschneider@gmail.com,1961-10-11,b03f4bc3
919689f6,Kevin,Sanchez,3724129500,donnahoward@butler.info,1993-04-03,64f43b39
bf6f19c2,Kristina,Clark,5771685589,zking@trujillo-young.com,1994-05-22,9643917a
0dda3e10,Christopher,Curry,4461482366,catherine36@gmail.com,1977-02-26,55377ffe
68e3915d,Andrew,Henry,7042772408,adamsreginald@bruce.org,1983-06-15,b604518f
9b979e2c,Tanner,Russell,5659069526,alan36@hotmail.com,1998-03-12,99a6869e
2d486135,Sean,Watkins,5441728671,aaron13@hotmail.com,2001-11-14,430bfe5d
066f5f71,Emily,Nguyen,4364703906,itodd@cain-bentley.org,1981-03-11,4ad06b5b
ed1b1a18,Cory,Long,5234221053,michelle81@hotmail.com,1997-01-18,39108c61
169be503,Tiffany,Scott,5242030486,fhubbard@short.com,1996-10-26,72ac197f
ad1a17ba,Melissa,Carr,3128012920,mitchelljames@gmail.com,1993-09-13,69278bdc
e9afb28f,Steven,Chase,6268227798,gjohnson@hotmail.com,2001-06-06,3391c4a2
ca6649b3,Alan,White,4807439036,fjohnson@wallace.biz,1983-08-27,8dbc8d9e
8a790584,Patricia,Gonzalez,9729512795,olarsen@delgado.com,1971-03-12,e62be316
957a2bc9,Amy,Brooks,2697908125,lopezmichael@gmail.com,1981-03-01,00ab6988
9a222dfd,Sarah,Hoffman,9533822805,jeffreyguerrero@gmail.com,1960-07-06,df423afe
